ALIVE	5thDimension-Sean/kaggriculture-master	2026-09-23T02:06:18Z	2026-09-23T02:03:44Z	0	NO-LICENSE	main
ALIVE	Aayush033/Kaggriculture	2026-09-29T08:03:48Z	2026-09-29T08:00:47Z	1	MIT	main
ALIVE	Applied-Agent-Works/kaggriculture	2026-09-29T16:14:25Z	2026-09-26T19:12:19Z	0	NO-LICENSE	main
ALIVE	BillXu21/Kaggriculture	2026-09-30T20:24:38Z	2026-08-06T22:54:45Z	0	NO-LICENSE	main
ALIVE	Kaggle/kaggle-environments	2026-10-02T07:10:21Z	2019-12-17T20:39:57Z	453	Apache-2.0	master
GONE	Kirosamurai/kaggriculture
ALIVE	Manav20032008/Kaggriculture	2026-10-01T11:14:12Z	2026-09-29T18:46:06Z	0	NO-LICENSE	main
ALIVE	OpenKaggle/kaggriculture-research	2026-09-28T10:57:42Z	2026-09-26T18:44:52Z	0	MIT	main
ALIVE	Seyamalam/Kaggriculture	2026-08-05T12:59:10Z	2026-08-04T17:17:46Z	0	MIT	main
ALIVE	ShashankJangid/kaggriculture-agent	2026-09-29T06:30:27Z	2026-08-21T07:48:13Z	0	MIT	main
ALIVE	THLPH/Kaggriculture_AdvancedFarmer	2026-09-30T02:38:57Z	2026-09-14T17:44:54Z	0	NO-LICENSE	main
ALIVE	The-DuO-0/dog_matist	2026-08-26T21:23:08Z	2026-08-26T01:15:11Z	0	MIT	main
ALIVE	Wangyh666-ust/kaggle---kaggriculture	2026-09-27T11:52:27Z	2026-09-21T10:33:56Z	2	NO-LICENSE	main
GONE	XZDang13/kagglefarm
ALIVE	alpertaskiran/kaggriculture	2026-09-28T07:40:20Z	2026-08-24T12:32:07Z	0	NO-LICENSE	main
ALIVE	alvaromendizabal/kaggriculture	2026-09-30T05:12:43Z	2026-09-09T23:36:12Z	0	MIT	main
ALIVE	debmalyaroy/kaggriculture-simulation	2026-09-24T10:43:17Z	2026-09-24T09:26:06Z	3	Apache-2.0	main
ALIVE	devasad67-lgtm/kaggriculture-agent	2026-09-28T11:26:08Z	2026-09-28T11:24:44Z	0	NO-LICENSE	main
ALIVE	diffmap/kaggicultureRL	2026-08-20T02:20:44Z	2026-08-19T22:36:55Z	4	MIT	refactor-policy-modes
ALIVE	divyanshkumar333/Kaggriculture	2026-09-28T11:34:19Z	2026-08-22T19:37:19Z	0	NO-LICENSE	main
ALIVE	doanthuan/kaggriculture	2026-09-30T00:51:39Z	2026-09-25T03:16:42Z	0	Apache-2.0	main
ALIVE	elrensmin/kaggriculture-not-good-sub2k	2026-09-30T09:23:36Z	2026-09-30T09:21:23Z	0	NO-LICENSE	feat/new-newness
ALIVE	frapercan/kagsym	2026-09-25T12:27:40Z	2026-09-22T10:17:23Z	0	MIT	main
ALIVE	graceyunliu/kaggriculture	2026-10-02T10:38:49Z	2026-08-04T17:38:18Z	0	NO-LICENSE	main
ALIVE	homeshwarnelakurthi/Kaggriculture	2026-09-29T19:47:04Z	2026-08-04T00:37:23Z	0	NO-LICENSE	master
ALIVE	lvanegast/Kaggriculture	2026-09-29T01:39:30Z	2026-09-16T01:53:49Z	0	NO-LICENSE	master
ALIVE	mooman0222/Kaggriculture-opencode	2026-09-30T05:50:51Z	2026-08-28T13:52:30Z	0	MIT	main
ALIVE	nagasora/kaggriculture	2026-09-29T07:57:37Z	2026-09-10T13:24:18Z	0	NO-LICENSE	main
ALIVE	phucthaiv02/kaggriculture	2026-09-28T10:15:29Z	2026-08-10T09:48:27Z	0	Apache-2.0	main
ALIVE	pieva/kaggriculture-agent	2026-09-30T06:17:52Z	2026-08-18T17:09:58Z	0	NO-LICENSE	main
ALIVE	pranav-bot/kaggriculture	2026-09-29T17:38:50Z	2026-08-23T07:46:24Z	0	NO-LICENSE	main
ALIVE	raju-sah/Kaggriculture	2026-09-29T10:50:36Z	2026-09-29T10:26:33Z	0	NO-LICENSE	main
ALIVE	smarino76/Kaggriculture	2026-09-29T13:45:19Z	2026-09-12T15:24:58Z	0	GPL-3.0	main
ALIVE	smdesai27/TxhmPokerAgent	2026-09-05T02:22:25Z	2026-01-26T20:47:41Z	0	MIT	main
ALIVE	sweeden-ttu/kaggriculture_1_37_muzero	2026-10-02T01:12:50Z	2026-09-27T12:11:34Z	1	NO-LICENSE	main
ALIVE	the-genius-man/kaggriculture-agent	2026-10-02T02:48:48Z	2026-09-18T14:38:10Z	0	NO-LICENSE	main
ALIVE	whzy3185/kagriculture	2026-09-30T10:04:41Z	2026-09-06T14:34:17Z	0	NO-LICENSE	main
ALIVE	wmar-dev/kaggriculture	2026-09-28T04:19:20Z	2026-09-20T08:04:36Z	0	NO-LICENSE	main
ALIVE	yen-ghub/kaggriculture-agent	2026-09-30T14:43:01Z	2026-08-12T13:45:05Z	0	NO-LICENSE	main
