doanthuan	USER_OK	doanthuan	21	2014-08-27T02:19:16Z	Doan Thuan			2026-08-07T00:39:41Z
mooman0222	USER_OK	mooman0222	11	2023-05-02T14:17:24Z	MMN			2026-09-07T04:45:49Z
graceyunliu	USER_OK	graceyunliu	3	2021-06-14T21:13:38Z				2026-09-22T16:25:37Z
pranav-bot	USER_OK	pranav-bot	49	2019-11-03T11:49:16Z	Pranav Advani	Red Hat		2026-09-20T21:41:44Z
OpenKaggle	USER_OK	OpenKaggle	20	2026-09-26T18:17:23Z	OpenKaggle			2026-09-28T12:40:35Z
Applied-Agent-Works	USER_OK	Applied-Agent-Works	2	2026-09-26T19:10:01Z				2026-09-26T19:10:01Z
sweeden-ttu	USER_OK	sweeden-ttu	166	2020-04-17T01:05:58Z	Scott Douglas Weeden	Texas Tech	linktr.ee/scott_weeden	2026-09-08T12:55:17Z
elrensmin	USER_OK	elrensmin	32	2020-11-11T20:12:13Z	dhruvm		https://elrensmin.github.io/	2026-10-02T06:31:36Z
Seyamalam	USER_OK	Seyamalam	196	2023-02-24T05:44:21Z	Touhidul Alam Seyam	Agentic Institute	https://seyamalam.vercel.app	2026-08-21T14:10:10Z
whzy3185	USER_OK	whzy3185	25	2024-10-11T07:51:07Z	muelsyse			2026-10-01T14:53:10Z
alperen5252525	NO_USER:Not Found
haodou092	NO_USER:Not Found
tetsu2131	NO_USER:Not Found
tetsutani	USER_OK	tetsutani	0	2022-06-10T22:11:12Z				2026-02-25T13:57:58Z
shiiin9	NO_USER:Not Found
tarosqrd2	NO_USER:Not Found
georgymamarin	NO_USER:Not Found
georgymarin	NO_USER:Not Found
leoprovorov	NO_USER:Not Found
flexonafft	USER_OK	FlexonaFFt	69	2020-06-03T13:25:38Z	Жаров Игорь			2026-06-20T11:11:14Z
Majkel1337	NO_USER:Not Found
majkel1337	NO_USER:Not Found
zy1343930734	NO_USER:Not Found
morimo	USER_OK	morimo	2	2014-02-23T06:54:38Z				2016-02-27T14:16:14Z
msd0110	USER_OK	msd0110	0	2018-07-30T06:49:33Z				2022-03-26T04:47:34Z
piiiiiiiii	USER_OK	piiiiiiiii	1	2020-02-28T00:58:13Z				2020-02-28T00:58:14Z
qistripute	USER_OK	qistripute	4	2022-04-25T09:23:40Z	Yusuke Takase			2026-09-29T16:05:15Z
masspeaks	NO_USER:Not Found
ashok205	USER_OK	ashok205	1	2023-06-23T06:11:47Z				2023-06-23T06:21:41Z
the-genius-man	USER_OK	the-genius-man	11	2019-12-11T11:19:53Z	Genius MAN	Techy Ahead	techyahead.com	2026-10-01T11:09:05Z
amrrs	USER_OK	amrrs	692	2013-08-30T14:24:38Z	amrrs			2026-09-19T12:05:59Z
jamesidriss	USER_OK	jamesidriss	17	2022-06-13T20:46:53Z	James			2026-08-26T11:52:33Z
meghanai28	USER_OK	meghanai28	32	2020-06-06T17:33:11Z	meghana indukuri			2026-09-05T01:25:10Z
Driw0x	USER_OK	Driw0x	11	2020-11-18T20:24:21Z	YE Victor 			2026-07-21T17:05:01Z
Amar-Sayed	USER_OK	Amar-Sayed	3	2023-12-23T11:25:27Z	Amar_Sayed			2025-07-24T15:10:53Z
