feature,feature_group,paired_games,mean_winner,mean_loser,mean_winner_minus_loser,median_winner_minus_loser,paired_standardized_effect,winner_higher_games,winner_lower_games,ties,winner_higher_share_decided,sign_test_p,winner_seat0_games,winner_seat1_games,mean_diff_when_winner_seat0,mean_diff_when_winner_seat1,direction_consistent_across_winner_seats,sign_test_bh_q,robust_exploratory_signal
cash_t24,opening_economy,168,46.232143,41.452381,4.779762,0.0,0.073662,82,76,10,0.519,0.6909249767024591,78,90,5.410256,4.233333,True,0.96638701,False
cash_t72,early_economy,168,277.72619,214.0,63.72619,-1.5,0.174604,79,85,4,0.4817,0.6963409692892948,78,90,46.294872,78.833333,True,0.96638701,False
cash_t168,mid_economy,168,754.845238,730.470238,24.375,-0.5,0.030338,83,84,1,0.497,1.0,78,90,-85.115385,119.266667,False,1.0,False
cash_t360,late_economy,168,21865.172619,21885.464286,-20.291667,-43.0,-0.003328,83,85,0,0.494,0.9385334053887997,78,90,530.397436,-497.555556,False,1.0,False
first_land_turn,timing,168,140.107143,145.166667,-5.059524,0.0,-0.202241,27,51,90,0.3462,0.008771714457060136,78,90,-4.730769,-5.344444,True,0.25437972,False
first_hire_turn,timing,168,1.654762,1.738095,-0.083333,0.0,-0.129801,28,42,98,0.4,0.11960933562988493,78,90,-0.051282,-0.111111,True,0.65436134,False
first_plant_turn,timing,168,6.119048,6.053571,0.065476,0.0,0.029225,51,49,68,0.51,0.9204107626128213,78,90,-0.179487,0.277778,False,1.0,False
first_sell_turn,timing,168,12.517857,11.779762,0.738095,0.0,0.031976,65,54,49,0.5462,0.35935826390511105,78,90,0.628205,0.833333,True,0.79796895,False
first_animal_turn,timing,168,1.565476,1.666667,-0.10119,0.0,-0.146864,32,49,87,0.3951,0.07478815428283367,78,90,-0.051282,-0.144444,True,0.65436134,False
total_hires_actual,labor,168,283.321429,280.845238,2.47619,0.0,0.110083,80,69,19,0.5369,0.4127425588241414,78,90,4.0,1.155556,True,0.79796895,False
early_hires_actual,opening_labor,168,8.791667,8.755952,0.035714,0.0,0.0169,58,43,67,0.5743,0.16327926185142788,78,90,0.166667,-0.077778,False,0.67644266,False
early_plant_actions,opening_behavior,168,18.690476,18.422619,0.267857,0.0,0.128208,34,26,108,0.5667,0.36629400670329104,78,90,0.448718,0.111111,True,0.79796895,False
early_seed_units,opening_behavior,168,19.089286,18.696429,0.392857,0.0,0.127236,42,32,94,0.5676,0.29541328065567013,78,90,0.448718,0.344444,True,0.79796895,False
early_animal_units,opening_behavior,168,4.410714,4.297619,0.113095,0.0,0.119792,45,31,92,0.5921,0.1353851052994308,78,90,0.064103,0.155556,True,0.65436134,False
early_sell_units,opening_behavior,168,48.327381,49.375,-1.047619,-2.5,-0.006364,76,88,4,0.4634,0.39043016796270574,78,90,11.615385,-12.022222,False,0.79796895,False
early_dominant_crop_share,opening_crop_mix,168,0.670484,0.654965,0.015518,0.0,0.111547,49,36,83,0.5765,0.19276043534155876,78,90,0.00895,0.021211,True,0.69875658,False
crop_carrot_share,resource_mix,168,0.077351,0.067744,0.009607,0.00015,0.14771,85,72,11,0.5414,0.3382353307950119,78,90,0.006322,0.012453,True,0.79796895,False
crop_melon_share,resource_mix,168,0.09979,0.096917,0.002874,0.0,0.121913,75,81,12,0.4808,0.6890542729314679,78,90,8.1e-05,0.005294,True,0.96638701,False
crop_strawberry_share,resource_mix,168,0.405427,0.417614,-0.012186,0.0,-0.124087,78,79,11,0.4968,1.0,78,90,-0.003646,-0.019588,True,1.0,False
crop_tomato_share,resource_mix,168,0.040603,0.02689,0.013713,0.0,0.157467,56,34,78,0.6222,0.02630166513112228,78,90,0.012877,0.014438,True,0.38137414,False
crop_wheat_share,resource_mix,168,0.376837,0.390845,-0.014008,-0.00295,-0.118978,68,90,10,0.4304,0.09447453522193144,78,90,-0.015622,-0.012609,True,0.65436134,False
animal_cow_share,resource_mix,168,0.506495,0.511051,-0.004557,0.0,-0.038095,79,78,11,0.5032,1.0,78,90,-0.002349,-0.00647,True,1.0,False
animal_goose_share,resource_mix,168,0.095684,0.086273,0.009411,0.0,0.077086,56,56,56,0.5,1.0,78,90,0.013192,0.006134,True,1.0,False
animal_sheep_share,resource_mix,168,0.397822,0.402674,-0.004852,0.0,-0.050236,75,80,13,0.4839,0.7481109519787563,78,90,-0.010837,0.000336,False,0.98614625,False
total_market_orders,full_game_behavior,168,827.315476,823.952381,3.363095,-0.5,0.014856,83,84,1,0.497,1.0,78,90,10.320513,-2.666667,False,1.0,False
total_unit_actions,full_game_behavior,168,7144.767857,7092.916667,51.85119,0.0,0.104855,79,72,17,0.5232,0.6255036238897121,78,90,86.538462,21.788889,True,0.96638701,False
market_buy_seed_units,full_game_behavior,168,239.130952,236.779762,2.35119,0.0,0.05019,80,68,20,0.5405,0.3659440738175881,78,90,1.307692,3.255556,True,0.79796895,False
market_buy_animal_units,full_game_behavior,168,17.35119,17.196429,0.154762,0.0,0.041558,67,61,40,0.5234,0.6587012845406399,78,90,0.192308,0.122222,True,0.96638701,False
market_sell_units,full_game_behavior,168,91173.160714,34254.767857,56918.392857,-19.0,0.065941,81,87,0,0.4821,0.6997974882614125,78,90,150051.884615,-23797.3,False,0.96638701,False
