strategy_family_A,strategy_family_B,games,wins_A,wins_B,ties,decided_games,win_rate_A_decided,win_rate_A_wilson95_low,win_rate_A_wilson95_high,mean_margin_A,A_in_seat0_games,A_in_seat1_games,both_seat_orientations_observed,evidence
cow+carrot,cow+strawberry,1,1,0,0,1,1.0,0.2065,1.0,7372.0,1,0,False,pilot_only
cow+strawberry,cow+strawberry,24,18,6,0,24,0.75,0.551,0.88,1322.79,,,,same_family_control
cow+strawberry,cow+tomato,1,0,1,0,1,0.0,0.0,0.7935,-25145.0,1,0,False,pilot_only
cow+strawberry,goose+strawberry,2,0,2,0,2,0.0,0.0,0.6576,-11012.0,1,1,True,pilot_only
cow+strawberry,sheep+carrot,2,0,2,0,2,0.0,0.0,0.6576,-14490.0,1,1,True,pilot_only
cow+strawberry,sheep+strawberry,6,2,4,0,6,0.3333,0.0968,0.7,-10366.5,3,3,True,small_sample_both_seats
sheep+carrot,sheep+strawberry,2,2,0,0,2,1.0,0.3424,1.0,10463.0,1,1,True,pilot_only
sheep+strawberry,sheep+strawberry,3,2,1,0,3,0.6667,0.2077,0.9385,13589.33,,,,same_family_control
sheep+strawberry,sheep+tomato,1,0,1,0,1,0.0,0.0,0.7935,-28831.0,1,0,False,pilot_only
