slug	bytes	method	sha256	verify	title
kaggriculture-v23-adaptive-routes-smart-sales	36770B	b64+zlib(+2 typo fixes)	985d07220622767f8f90351c1dfd82c4b56c43407b3168692672e0435c26d841	MISMATCH exp=6eb728a40cc5	
kaggriculture-v25-new-production-routes-with-rea	71706B	writefile	bb3109331d4087d5e5890515f9b1d1e0d4f9ea6015ee3d1b172a93b8b1d8dbb4	MATCH	# Kaggriculture v25 — New Production Routes with Reactive Sales
kaggriculture-v31-production-and-sale-priority	235111B	writefile	3a72da1f2b3b31386366988408503f01581c285529137317c785ea4863b341ab	MATCH	# Kaggriculture v31 — Production and Sale Priority
kaggriculture-v34-observed-market-timing	254081B	writefile	58f3cbf957c267b464ec0bcfdc9ba7940f708e6ae77c7219b09f07a00a083869	MATCH	# Kaggriculture v34 — Observed Market Timing
kaggriculture-v35-reactive-sales-sheep-expansi	267230B	writefile	294e7e4d9d4b97413646960d318043e0f9116ce58f42fe02afd4716614a4e96d	MATCH	# Kaggriculture V35 — Public-response sales and funded sheep expansion
kaggriculture-v36-guarded-four-turn-sales	267360B	writefile	7eb5ab6c48581c82906ab6fa6b2cc5c9607513249ef59b2c45fcd6176e8653dd	MATCH	# Kaggriculture V36 — Guarded Four-Turn Sales
kaggriculture-v38-smarter-feed-stronger-margins	299348B	writefile	a2047ebd8ca5720221e1421529655d9c67a7b2fedb74e874c7d3c55a8970ac7e	MATCH	# Kaggriculture V38 — Smarter Feed, Stronger Margins
kaggriculture-v39-ready-before-the-rush	311246B	writefile	708c7485fa964853b193f175dcd83020602c005e159ce82e38dc350b22e970c8	MATCH	# Kaggriculture V39 — Ready Before the Rush
kaggriculture-v40-plans-that-fit-the-shops	285562B	writefile	546c42248996ea4bf9d13bbe713440f7428770b85fba92a886a20af4f3ce25d5	MATCH	# Kaggriculture V40: Plans That Fit the Shops
kaggriculture-v41-review-candidate	331608B	writefile	8951ff93742015cba535b125223cf2e541bb7b602080fc4584f30c2613d210f3	MATCH	# Kaggriculture V41 — Review Candidate
kaggriculture-v42-production-that-fits-the-marke	305622B	writefile	728fdfb4405ba313f8b14ffb3e0f8eceaddcaa0de49e4835928d89aaf71467e9	MATCH	# Kaggriculture V42 : Production That Fits the Market
kaggriculture-v43-recovering-lost-harvests	321555B	raw-bytes	919fc1d61050cd96f799979e49177ae3ac7bce98ec9835724238bea73f4a08ed	MATCH	# Kaggriculture V43: Recovering Lost Harvests
kaggriculture-v44-winning-the-same-turn-sale-race	327314B	raw-bytes	797d9bca309d481e18cdbb675ce6d6de9967d266cbafb4c2352c68fb10264e2f	MATCH	# Kaggriculture V44: Winning the Same-Turn Sale Race
kaggriculture-v45-first-turn-wheat-round-trip	329112B	raw-bytes	2536d41ed5a00c75204b6350f1c76c54259c774cb065ba2a3a0072eedf210d94	MATCH	# Kaggriculture V45: First-Turn Wheat Round Trip
kaggriculture-v46-first-turn-microstructure-and-s	333658B	raw-bytes	735c370383b70d3bf3aac792f2c147e0afc99166fc9f253ede10e8a030acedb6	MATCH	# Kaggriculture V46: First-Turn Microstructure and Sale Timing
kaggriculture-v47-reactive-market-coordination	354288B	raw-bytes	f4ecd4876fde93a14e3381993283f3b6a1afa023b48dd57217f4d90794d39842	MATCH	# Kaggriculture V47 — Reactive Market Coordination
kaggriculture-v48-clear-the-queue	357742B	raw-bytes	4b5402888feeb4170dce38f34bebe56788b62ca287139fce7db72df8eb89bb96	MATCH	# Kaggriculture V48 — Clear the Queue
kaggriculture-v49-funded-sale-timing-and-worker	437804B	raw-bytes	ed89be8cd96fe58ea5ca96c91bbeda28d928a5192ed926639fe6c43aea39b368	MATCH	# Kaggriculture V49 — V48 + open economic layers from "The 2945 Farm"
kaggriculture-v50-early-yarn-commit	453739B	raw-bytes	044a26601be23816d397c51c22c4d86b938f8bac4b914f9bea1fbe38bac1e8a5	MATCH	# Kaggriculture V50 — Early Yarn Commit
kaggriculture-v51-lean-flock	461739B	raw-bytes	c1e3590d02e42d16091c5377e87a3db16496e5a462d558dc2925887f835f9891	MATCH	# Kaggriculture V51 — Lean Flock
kaggriculture-v52-lean-flock-yarn-route	1007349B	b85+zlib	8c0f7d90db965a676bd0e211e0250aa9b9235d64d43ff0b4e3852a71d1ef7c24	MATCH	# Kaggriculture V52 — Lean Flock, Yarn Route
kaggriculture-v53-opening-signature	1036778B	b85+zlib	20fe549dd4573b9fd1dfb32a1782c205fa74f0edfdfd6cbe935079533e0a9d0e	MATCH	# Kaggriculture V53 — Opening Signature and Current-Meta Sale Streams
kaggriculture-v54-productive-wheat-and-patient	1014095B	b85+zlib	5fbb75c9c40e6d9e26d95272ace47329b1ca319b3b2118232404de30806e7e9c	MATCH	# Kaggriculture V54 — Productive Wheat and Patient Sale
kaggriculture-v55-one-turn-market-race-edge	1014183B	b85+zlib	f09034624844da494669c4ab0e0d9a797da1a19db95eb138b875d309bd1aa01b	MATCH	# Kaggriculture V55 — One-Turn Market Race Edge
kaggriculture-v56-smarter-seeds-and-fertilizer	1056142B	b85+zlib	a1ad0fd1d174477ee2cbdd561a812bcb7029647ce34599e79d6b79e9057eff6c	MATCH	# Kaggriculture V56 — Smarter Seeds and Fertilizer
kaggriculture-v57-funding-order-invariant	1067076B	b85+zlib	2ee689fdc58f38b7bf6b80b8d3f48129d19b47201dbee51fdcbd977498a5106f	MATCH	# Kaggriculture V57 — Funding-Order Invariant
