ref,title,author,lastRunTime,totalVotes
ahmedberatozer/casmi26-v4l-inference,casmi26-v4l-inference,Ahmed Berat Özer,2026-09-29 10:10:29.530000,27
ahmedberatozer/casmi26-v2-baseline,casmi26 v2 : Baseline ,Ahmed Berat Özer,2026-09-21 16:33:52.040000,37
ahmedberatozer/casmi26-v4g-inference,casmi26-v4g-inference_,Ahmed Berat Özer,2026-09-28 07:55:41.387000,20
ahmedberatozer/casmi26-v3-inference,casmi26-v3-inference,Ahmed Berat Özer,2026-09-23 16:33:47.323000,29
ahmedberatozer/casmi26-v4m-inference,casmi26-v4m-inference,Ahmed Berat Özer,2026-09-29 10:11:19.237000,22
ahmedberatozer/kaggriculture-v49-funded-sale-timing-and-worker,Kaggriculture V49 : Funded sale timing and worker ,Ahmed Berat Özer,2026-09-19 08:00:46.180000,23
ahmedberatozer/casmi26-v4n-inference,casmi26-v4n-inference,Ahmed Berat Özer,2026-09-30 06:04:59.590000,20
ahmedberatozer/casmi26-v4q-inference,casmi26-v4q-inference,Ahmed Berat Özer,2026-09-30 09:59:32.580000,4
ahmedberatozer/casmi26-v4h-inference,casmi26-v4h-inference,Ahmed Berat Özer,2026-09-29 05:37:30.830000,19
ahmedberatozer/kaggriculture-v54-productive-wheat-and-patient, Kaggriculture V54 — Productive Wheat and Patient ,Ahmed Berat Özer,2026-09-21 08:26:55.227000,20
ahmedberatozer/casmi26-v4f-inference,casmi26-v4f-inference,Ahmed Berat Özer,2026-09-26 12:23:24.703000,18
ahmedberatozer/kaggriculture-v57-funding-order-invariant,Kaggriculture V57 — Funding-Order Invariant,Ahmed Berat Özer,2026-09-22 12:50:17.380000,59
ahmedberatozer/kaggriculture-v50-early-yarn-commit,Kaggriculture V50 — Early Yarn Commit,Ahmed Berat Özer,2026-09-19 09:33:51.890000,17
ahmedberatozer/kaggriculture-v53-opening-signature,Kaggriculture V53 — Opening Signature ,Ahmed Berat Özer,2026-09-20 14:00:38.033000,62
ahmedberatozer/kaggriculture-v52-lean-flock-yarn-route,"Kaggriculture V52 — Lean Flock, Yarn Route",Ahmed Berat Özer,2026-09-20 10:38:58.783000,6
ahmedberatozer/kaggriculture-v51-lean-flock,Kaggriculture V51 — Lean Flock,Ahmed Berat Özer,2026-09-20 09:21:02.013000,6
ahmedberatozer/kaggriculture-v47-reactive-market-coordination,Kaggriculture V47 — Reactive Market Coordination,Ahmed Berat Özer,2026-09-17 15:44:32.023000,70
ahmedberatozer/kaggriculture-v56-smarter-seeds-and-fertilizer,Kaggriculture V56 — Smarter Seeds and Fertilizer,Ahmed Berat Özer,2026-09-21 15:28:15.713000,72
ahmedberatozer/kaggriculture-v44-winning-the-same-turn-sale-race,Kaggriculture V44: Winning the Same-Turn Sale Race,Ahmed Berat Özer,2026-09-15 18:27:44.470000,35
ahmedberatozer/kaggriculture-v46-first-turn-microstructure-and-s,Kaggriculture V46: First-Turn Microstructure and S,Ahmed Berat Özer,2026-09-16 22:04:07.597000,72
ahmedberatozer/kaggriculture-v55-one-turn-market-race-edge, Kaggriculture V55 — One-Turn Market Race Edge,Ahmed Berat Özer,2026-09-21 11:27:49.737000,83
ahmedberatozer/kaggriculture-v48-clear-the-queue,Kaggriculture V48 — Clear the Queue,Ahmed Berat Özer,2026-09-17 22:09:24.473000,85
ahmedberatozer/kaggriculture-v42-production-that-fits-the-marke,Kaggriculture V42 : Production That Fits the Marke,Ahmed Berat Özer,2026-09-14 21:09:01.947000,8
ahmedberatozer/kaggriculture-v45-first-turn-wheat-round-trip,Kaggriculture V45: First-Turn Wheat Round Trip,Ahmed Berat Özer,2026-09-15 19:51:35.457000,89
ahmedberatozer/kaggriculture-v35-reactive-sales-sheep-expansi,Kaggriculture V35 — Reactive Sales & Sheep Expansi,Ahmed Berat Özer,2026-09-11 13:28:21.907000,42
ahmedberatozer/kaggriculture-v43-recovering-lost-harvests,Kaggriculture V43: Recovering Lost Harvests,Ahmed Berat Özer,2026-09-14 21:41:24.923000,94
ahmedberatozer/kaggriculture-v41-review-candidate,Kaggriculture V41 — Review Candidate,Ahmed Berat Özer,2026-09-13 22:21:39.587000,86
ahmedberatozer/kaggriculture-v34-observed-market-timing,Kaggriculture v34 — Observed Market Timing,Ahmed Berat Özer,2026-09-11 19:06:31.287000,36
ahmedberatozer/kaggriculture-v36-guarded-four-turn-sales,Kaggriculture V36 — Guarded Four-Turn Sales,Ahmed Berat Özer,2026-09-11 17:08:21.753000,27
ahmedberatozer/kaggriculture-v40-plans-that-fit-the-shops,Kaggriculture V40: Plans That Fit the Shops,Ahmed Berat Özer,2026-09-13 12:12:24.867000,5
ahmedberatozer/kaggriculture-v31-production-and-sale-priority, Kaggriculture v31 — Production and Sale Priority,Ahmed Berat Özer,2026-09-11 19:07:02.210000,36
ahmedberatozer/kaggriculture-v23-adaptive-routes-smart-sales,Kaggriculture V23 — Adaptive Routes & Smart Sales,Ahmed Berat Özer,2026-09-11 19:05:04.713000,51
ahmedberatozer/kaggriculture-v39-ready-before-the-rush,Kaggriculture V39 — Ready Before the Rush,Ahmed Berat Özer,2026-09-13 09:37:07.487000,97
ahmedberatozer/kaggriculture-v25-new-production-routes-with-rea,Kaggriculture v25 — New Production Routes with Rea,Ahmed Berat Özer,2026-09-11 19:07:50.400000,25
ahmedberatozer/more-yield-smarter-labor,"More Yield, Smarter Labor",Ahmed Berat Özer,2026-09-12 00:09:07.387000,109
ahmedberatozer/kaggriculture-v38-smarter-feed-stronger-margins,"Kaggriculture V38 Smarter Feed, Stronger Margins",Ahmed Berat Özer,2026-09-12 20:04:38.597000,285
